{"type": "directory", "permissions": "211", "owner": "admin", "files": {"gAAAAABj7Yjk9n57m5aE73pSG7mcc8pKn_4ab11PvRxGmzHmlq3cdkeR8n3UnHw7xUdZ2dBXnfNnh6DCmX8H4wXAtfLnK1mftQ==": {"permissions": "211", "owner": "admin", "type": "directory", "files": {"gAAAAABj7YjokfLyXKTDO0L84TNsKoGY2L_AyER_kQqERKUWWOj1M4hrpf5iq731CJ8YdCexvfldUJ-P5YfgmPcYVlcR_WsxTQ==": {"permissions": "220", "owner": "admin", "type": "directory", "files": {}}, "gAAAAABj7ZJBZKaIA8VbXU6x81-HHUiwH8E2WfgVrbuoLbEt8a6HQrkv3gQ8nCPhcD_Wo90sNUlBUv55MjbHd9HsS_TYvjH9Cw==": {"permissions": "220", "owner": "j", "type": "directory", "files": {}}}}}}